dataset,split,model,experiment,seed,AP_easy,AP_mod,AP_hard,mAP50,MR_hard,FPS
citypersons,test,yolov8x,baseline,42,79.60000000000001,70.86,39.58,71.78999999999999,77.22,9.23
citypersons,test,yolov8x,baseline,123,79.08,70.89999999999999,39.01,71.5,77.59,6.23
citypersons,test,yolov8x,baseline,456,79.24,70.17,39.61,71.32,77.21000000000001,9.31
citypersons,test,yolov8x,body_part_occlusion,42,80.06,71.67,38.25,72.1,78.57,9.24
citypersons,test,yolov8x,body_part_occlusion,123,79.28,71.19,38.98,71.46000000000001,77.78,8.42
citypersons,test,yolov8x,body_part_occlusion,456,79.17999999999999,70.91,37.57,71.15,78.53999999999999,9.24
citypersons,test,yolov8x,combined_all,42,78.97999999999999,70.67,39.190000000000005,71.47,77.47,9.25
citypersons,test,yolov8x,combined_all,123,79.4,70.17999999999999,36.7,70.74000000000001,79.5,9.28
citypersons,test,yolov8x,combined_all,456,78.85,69.23,36.58,70.39,79.34,9.3
citypersons,test,yolov8x,combined_best_two,42,79.64,70.05,38.440000000000005,71.37,78.14999999999999,9.3
citypersons,test,yolov8x,combined_best_two,123,79.36,70.06,38.6,71.13000000000001,77.86,9.26
citypersons,test,yolov8x,combined_best_two,456,78.86999999999999,69.25,37.3,70.6,79.16,9.25
citypersons,test,yolov8x,cutout,42,79.27,70.86,39.290000000000006,71.61,77.16,9.29
citypersons,test,yolov8x,cutout,123,79.16,71.44,39.660000000000004,71.77,77.29,9.26
citypersons,test,yolov8x,cutout,456,78.48,70.71,39.61,71.34,76.92999999999999,9.27
citypersons,test,yolov8x,gridcut,42,79.49000000000001,70.6,37.86,71.41999999999999,78.88,9.27
citypersons,test,yolov8x,gridcut,123,79.16,70.77,39.44,71.39,77.2,9.27
citypersons,test,yolov8x,gridcut,456,79.25999999999999,70.62,39.56,71.41,77.32,9.21
citypersons,test,yolov8x,hide_and_seek,42,79.84,70.67,40.14,71.72,76.29,9.2
citypersons,test,yolov8x,hide_and_seek,123,79.82000000000001,71.66,38.82,71.89999999999999,78.11,9.25
citypersons,test,yolov8x,hide_and_seek,456,79.85,70.57,38.03,71.37,78.27,9.25
citypersons,test,yolov8x,random_erasing,42,78.22,70.0,39.06,71.43,78.36999999999999,9.27
citypersons,test,yolov8x,random_erasing,123,78.66,70.08,37.97,71.22,78.78,9.26
citypersons,test,yolov8x,random_erasing,456,78.74,69.55,36.980000000000004,70.6,79.43,9.28
citypersons,val,yolov8x,baseline,42,79.75999999999999,68.15,36.3,69.62,79.42,9.21
citypersons,val,yolov8x,baseline,123,80.01,68.42,35.980000000000004,69.88,79.42,6.61
citypersons,val,yolov8x,baseline,456,79.4,67.66,37.61,69.75,78.23,9.22
citypersons,val,yolov8x,body_part_occlusion,42,79.49000000000001,67.88,35.31,69.78999999999999,80.21000000000001,9.2
citypersons,val,yolov8x,body_part_occlusion,123,79.36999999999999,67.57,34.68,69.1,80.67999999999999,7.72
citypersons,val,yolov8x,body_part_occlusion,456,79.78,66.97999999999999,35.96,69.41000000000001,79.97999999999999,9.23
citypersons,val,yolov8x,combined_all,42,79.45,67.01,35.46,69.15,79.55,9.2
citypersons,val,yolov8x,combined_all,123,79.09,67.85,34.38,69.26,81.04,9.24
citypersons,val,yolov8x,combined_all,456,79.17999999999999,67.30000000000001,34.57,68.99,80.77,9.14
citypersons,val,yolov8x,combined_best_two,42,78.82000000000001,67.75,37.019999999999996,69.86,79.24,9.26
citypersons,val,yolov8x,combined_best_two,123,78.34,67.55,35.82,69.25,79.53,9.22
citypersons,val,yolov8x,combined_best_two,456,78.66,67.19000000000001,36.43,69.63000000000001,80.08,9.22
citypersons,val,yolov8x,cutout,42,80.35,68.36,35.91,69.76,79.35,9.27
citypersons,val,yolov8x,cutout,123,79.83,68.04,37.22,70.33,79.14999999999999,9.25
citypersons,val,yolov8x,cutout,456,79.31,67.60000000000001,35.91,69.44,79.60000000000001,9.32
citypersons,val,yolov8x,gridcut,42,79.53,67.66,35.25,69.66,80.51,9.29
citypersons,val,yolov8x,gridcut,123,79.0,67.78999999999999,36.25,69.94,80.13,9.28
citypersons,val,yolov8x,gridcut,456,79.5,68.47,36.76,70.26,79.60000000000001,9.28
citypersons,val,yolov8x,hide_and_seek,42,79.45,67.60000000000001,36.53,69.6,79.25999999999999,9.25
citypersons,val,yolov8x,hide_and_seek,123,79.02,68.07,34.949999999999996,69.39999999999999,80.36,9.24
citypersons,val,yolov8x,hide_and_seek,456,79.14999999999999,67.31,35.08,69.21000000000001,80.36999999999999,9.27
citypersons,val,yolov8x,random_erasing,42,79.38,67.0,35.589999999999996,69.51,80.16,9.26
citypersons,val,yolov8x,random_erasing,123,79.63,67.17,35.52,69.42,79.75999999999999,9.28
citypersons,val,yolov8x,random_erasing,456,79.14999999999999,66.89,32.84,69.06,82.49,9.27
kitti,test,yolov8x,baseline,42,94.72,73.92,43.84,87.4,43.37,24.78
kitti,test,yolov8x,baseline,123,95.76,77.16,47.12,88.6,41.760000000000005,18.12
kitti,test,yolov8x,baseline,456,95.88,77.25999999999999,47.67,88.28,42.91,24.74
kitti,test,yolov8x,combined_all,42,94.77,74.02,47.949999999999996,87.94,41.370000000000005,24.84
kitti,test,yolov8x,combined_all,123,95.74000000000001,77.72,47.349999999999994,88.94,41.160000000000004,24.8
kitti,test,yolov8x,combined_all,456,94.66,77.25999999999999,47.73,88.29,40.98,24.77
kitti,test,yolov8x,combined_best_two,42,96.58,76.8,50.03999999999999,89.55,39.290000000000006,24.94
kitti,test,yolov8x,combined_best_two,123,95.7,74.64,46.71,88.12,42.57,24.9
kitti,test,yolov8x,combined_best_two,456,96.66,75.94,47.03,88.53,44.3,24.95
kitti,test,yolov8x,cutout,42,95.11,77.57,49.84,88.61,39.75,24.77
kitti,test,yolov8x,cutout,123,95.49,78.88,47.47,89.19,40.64,24.69
kitti,test,yolov8x,cutout,456,95.77,76.98,48.61,88.79,39.800000000000004,24.82
kitti,test,yolov8x,gridcut,42,95.84,78.64999999999999,50.74999999999999,88.9,41.199999999999996,24.55
kitti,test,yolov8x,gridcut,123,95.8,75.16000000000001,50.849999999999994,89.49000000000001,37.26,24.77
kitti,test,yolov8x,gridcut,456,95.23,77.12,51.349999999999994,88.69,38.54,24.81
kitti,test,yolov8x,hs,42,94.28,78.27,48.089999999999996,87.69,42.35,24.59
kitti,test,yolov8x,hs,123,96.16,76.53,49.66,88.56,41.260000000000005,24.8
kitti,test,yolov8x,hs,456,95.95,78.09,49.02,88.64,41.58,24.62
kitti,test,yolov8x,random_erasing,42,95.65,75.14999999999999,47.49,88.4,41.86,24.84
kitti,test,yolov8x,random_erasing,123,95.7,76.21,48.55,88.91,39.68,24.89
kitti,test,yolov8x,random_erasing,456,96.00999999999999,76.39,50.080000000000005,88.55,39.85,24.86
kitti,val,yolov8x,baseline,42,95.19999999999999,68.24,44.62,87.11,41.760000000000005,24.73
kitti,val,yolov8x,baseline,123,94.94,67.60000000000001,43.93,86.96000000000001,41.730000000000004,17.56
kitti,val,yolov8x,baseline,456,95.36,67.81,46.400000000000006,87.13,41.17,24.7
kitti,val,yolov8x,combined_all,42,95.65,67.58999999999999,45.39,87.91,38.95,24.77
kitti,val,yolov8x,combined_all,123,96.07,69.49,47.099999999999994,88.34,38.5,24.78
kitti,val,yolov8x,combined_all,456,95.28999999999999,70.28,47.260000000000005,88.2,38.53,24.75
kitti,val,yolov8x,combined_best_two,42,95.67999999999999,70.00999999999999,44.690000000000005,88.49000000000001,39.95,25.93
kitti,val,yolov8x,combined_best_two,123,95.0,66.86,45.39,86.87,41.589999999999996,23.35
kitti,val,yolov8x,combined_best_two,456,95.22,69.34,44.17,87.3,42.78,25.0
kitti,val,yolov8x,cutout,42,94.93,66.33,44.24,87.37,38.89,24.47
kitti,val,yolov8x,cutout,123,95.3,67.85,46.35,87.63,39.98,24.59
kitti,val,yolov8x,cutout,456,95.02000000000001,67.78999999999999,46.01,87.24,39.35,24.85
kitti,val,yolov8x,gridcut,42,95.21,70.62,46.88,87.68,39.1,24.77
kitti,val,yolov8x,gridcut,123,94.97,72.65,44.800000000000004,87.91,41.02,24.83
kitti,val,yolov8x,gridcut,456,95.0,69.28,45.64,87.99,39.93,24.79
kitti,val,yolov8x,hs,42,95.42,64.87,43.8,87.29,40.54,24.77
kitti,val,yolov8x,hs,123,95.67,68.94,43.97,88.1,39.83,24.77
kitti,val,yolov8x,hs,456,94.86,69.34,49.05,87.91,37.059999999999995,24.77
kitti,val,yolov8x,random_erasing,42,95.22,67.61,44.79,87.39,40.37,24.75
kitti,val,yolov8x,random_erasing,123,95.16,68.28999999999999,44.96,87.63,39.379999999999995,24.74
kitti,val,yolov8x,random_erasing,456,94.76,64.83,46.6,86.86,39.03,24.77
